,steel,shape,bore,carbon,hardness,strength,len,thick,width,classes
0,R,COIL,0,0.0,0,0,0,3.2,610.0,2
1,R,SHEET,0,0.0,0,0,762,0.7,1300.0,2
2,A,COIL,0,0.0,60,0,0,2.801,385.1,2
3,A,SHEET,0,0.0,60,0,269,0.8009999999999999,255.0,2
4,A,COIL,0,0.0,45,0,0,1.6,610.0,2
5,R,SHEET,0,0.0,0,0,4880,0.6990000000000001,610.0,2
6,A,COIL,0,0.0,0,0,0,3.3,152.0,2
7,R,COIL,0,0.0,0,0,0,0.6990000000000001,1320.0,2
8,A,SHEET,0,0.0,0,0,762,1.0,1320.0,2
9,R,COIL,0,0.0,0,0,0,1.2,610.0,2
10,R,SHEET,0,0.0,0,0,4880,0.3,1320.0,2
11,R,SHEET,0,0.0,0,0,150,1.2,610.0,2
12,A,COIL,0,0.0,45,0,0,1.2,609.9,2
13,A,SHEET,0,0.0,0,0,761,0.6,1220.0,2
14,A,SHEET,0,0.0,0,0,762,4.0,1320.0,2
15,A,COIL,0,10.0,0,0,0,3.201,600.0,4
16,A,SHEET,0,0.0,80,0,4170,0.8,610.0,4
17,A,SHEET,0,0.0,0,0,762,3.2,1320.1,2
18,A,COIL,0,0.0,70,0,0,0.501,1200.1,2
19,A,SHEET,0,0.0,0,0,761,0.6,610.0,2
20,K,COIL,0,55.0,0,0,0,0.8,610.0,2
21,A,COIL,0,0.0,85,0,0,1.001,50.0,4
22,S,COIL,0,70.0,0,0,0,3.2,609.9,2
23,A,COIL,0,3.0,0,0,0,0.5,610.0,0
24,,COIL,0,0.0,50,0,0,3.2,1320.0,2
25,A,SHEET,0,0.0,60,0,4880,0.8,356.0,2
26,R,SHEET,0,0.0,0,0,4170,0.7,609.9,2
27,K,COIL,0,55.0,0,0,0,0.8,900.0,2
28,W,COIL,500,0.0,0,310,0,1.6,610.0,2
29,A,SHEET,0,0.0,0,0,4880,0.6,610.0,3
30,,SHEET,0,0.0,45,0,4170,1.4,1320.0,2
31,A,SHEET,0,0.0,45,0,762,0.6990000000000001,1320.0,2
32,A,COIL,0,0.0,85,0,0,4.0,450.0,4
33,A,SHEET,0,0.0,0,0,4880,0.75,1320.0,2
34,A,COIL,0,0.0,0,0,0,1.6,1220.0,3
35,M,COIL,0,0.0,0,350,0,1.399,1320.0,2
36,A,COIL,0,0.0,50,0,0,0.6,1320.0,2
37,R,COIL,0,0.0,0,0,0,0.6509999999999999,20.0,2
38,R,SHEET,0,0.0,0,0,4880,1.6,374.9,2
39,A,COIL,0,0.0,0,0,0,1.6,50.0,2
40,R,SHEET,0,0.0,0,0,4880,0.6990000000000001,1320.0,2
41,A,COIL,0,0.0,50,0,0,0.7,610.0,2
42,R,SHEET,0,0.0,0,0,762,0.6,610.0,2
43,A,COIL,0,0.0,0,0,0,0.799,20.0,3
44,A,SHEET,0,0.0,0,0,301,0.6,610.0,2
45,R,SHEET,0,0.0,0,0,4880,0.601,610.0,2
46,A,SHEET,0,0.0,45,0,4880,0.7,1320.0,2
47,W,COIL,500,0.0,0,310,0,2.5,1274.9,2
48,A,SHEET,0,0.0,0,0,4880,0.6990000000000001,1320.0,2
49,A,SHEET,0,0.0,0,0,762,0.7,609.9,2
50,,SHEET,0,0.0,0,0,761,0.3,1320.0,2
51,R,SHEET,0,0.0,0,0,762,1.599,1300.0,2
52,A,SHEET,0,0.0,45,0,4880,0.599,150.0,2
53,A,COIL,0,0.0,0,0,0,0.7,1320.0,2
54,R,SHEET,0,0.0,0,0,4880,0.7,374.9,2
55,,SHEET,0,0.0,0,0,762,0.301,610.0,2
56,A,COIL,0,0.0,0,500,0,1.6,1320.0,2
57,A,SHEET,0,0.0,0,0,762,3.2,1300.0,2
58,A,SHEET,0,0.0,0,0,762,1.2,610.0,2
59,A,SHEET,0,0.0,0,0,4880,1.2,610.0,2
60,A,SHEET,0,0.0,0,0,762,0.6,1220.0,2
61,A,COIL,0,0.0,45,0,0,0.301,610.0,2
62,A,SHEET,0,0.0,85,0,762,1.0,610.0,4
63,R,SHEET,0,0.0,0,0,762,1.6,500.0,2
64,,SHEET,0,0.0,0,0,610,0.301,515.0,2
65,A,SHEET,0,0.0,0,0,611,1.2,335.0,3
66,R,SHEET,0,0.0,0,0,762,0.8,1320.0,1
67,A,COIL,0,0.0,0,0,0,0.4,20.0,2
68,A,COIL,0,0.0,0,0,0,0.6,250.0,3
69,A,COIL,600,0.0,70,0,0,0.8009999999999999,610.0,2
70,R,COIL,600,0.0,0,0,0,3.5,610.0,2
71,,SHEET,0,0.0,0,0,762,0.6990000000000001,610.0,2
72,R,COIL,0,0.0,0,0,0,0.799,1300.0,2
73,A,COIL,0,4.0,0,0,0,0.5,1130.0,2
74,R,SHEET,0,0.0,0,0,612,0.6,609.0,2
75,,SHEET,0,0.0,0,500,4880,1.6,609.9,1
76,A,COIL,0,0.0,0,0,0,0.601,1320.0,2
77,A,COIL,0,0.0,70,0,0,2.0,1250.0,2
78,R,SHEET,0,0.0,0,0,4880,3.2,1320.0,2
79,A,COIL,0,0.0,45,0,0,0.7,610.0,2
80,A,SHEET,0,0.0,0,0,762,0.6,610.0,2
81,V,SHEET,0,0.0,0,0,1,1.599,610.0,1
82,A,COIL,0,0.0,50,0,0,0.8,609.9,2
83,R,SHEET,0,0.0,0,0,4880,1.6,610.0,2
84,K,COIL,600,45.0,0,0,0,3.2,640.0,2
85,R,SHEET,0,0.0,0,0,4880,0.8,1320.0,1
86,A,COIL,0,0.0,0,0,0,1.6,610.0,2
87,M,COIL,0,0.0,0,600,0,1.6,1090.0,1
88,,COIL,0,0.0,0,0,0,0.5,610.0,3
89,A,COIL,0,10.0,0,0,0,1.2009999999999998,1320.0,4
90,,SHEET,0,0.0,0,0,762,0.3,610.0,2
91,A,SHEET,0,0.0,0,0,4880,0.7,1320.1,2
92,A,SHEET,0,0.0,0,0,4880,0.7,610.0,2
93,K,COIL,0,55.0,0,0,0,1.5,640.0,2
94,A,SHEET,0,0.0,45,0,4880,0.599,609.9,2
95,R,SHEET,0,0.0,0,0,762,0.8,610.0,1
96,A,SHEET,0,0.0,0,0,761,1.6,610.0,3
97,A,COIL,0,0.0,0,0,0,0.6,610.0,3
98,R,SHEET,0,0.0,0,0,4880,1.599,610.0,1
99,R,SHEET,0,0.0,0,0,612,2.0,610.0,1
100,R,SHEET,0,0.0,0,500,4880,1.0,610.0,2
101,A,SHEET,0,0.0,0,0,762,0.9990000000000001,610.0,2
102,A,SHEET,0,0.0,0,0,761,0.6990000000000001,610.0,2
103,R,COIL,0,6.0,0,0,0,0.5,25.0,2
104,A,SHEET,0,0.0,45,0,762,0.7,610.0,2
105,A,COIL,0,0.0,45,0,0,1.6,610.0,2
106,A,SHEET,0,0.0,0,0,4880,0.5,1220.0,3
107,R,SHEET,0,0.0,0,0,4880,0.7,1300.0,2
108,A,SHEET,0,0.0,0,0,762,0.7,609.9,2
109,,COIL,0,0.0,0,0,0,0.7,1320.0,2
110,A,COIL,0,0.0,70,0,0,0.8,50.0,2
111,A,SHEET,0,0.0,0,0,761,0.6,1220.0,3
112,R,SHEET,0,0.0,0,0,4880,0.6990000000000001,610.0,2
113,R,SHEET,0,0.0,0,500,762,1.0,1100.0,2
114,M,COIL,0,0.0,0,600,0,1.6,1090.0,1
115,A,COIL,0,0.0,85,0,0,3.2,610.0,4
116,A,SHEET,0,0.0,45,0,4880,0.599,520.0,2
117,R,COIL,0,0.0,0,0,0,0.25,20.0,2
118,S,COIL,0,0.0,0,400,0,0.8,75.0,0
119,R,SHEET,0,0.0,0,0,4880,0.6990000000000001,610.0,2
120,A,SHEET,0,0.0,0,0,4880,0.7,1300.0,2
121,A,COIL,0,0.0,45,0,0,0.6990000000000001,1320.0,2
122,A,COIL,0,4.0,0,0,0,1.0,1130.0,2
123,,COIL,0,0.0,50,0,0,0.451,1320.0,2
124,A,COIL,0,0.0,0,0,0,1.6,1220.0,3
125,W,COIL,0,0.0,0,310,0,1.599,1275.0,2
126,A,SHEET,0,0.0,0,0,4880,1.6,610.0,3
127,R,COIL,0,0.0,0,0,0,1.599,610.0,1
128,R,SHEET,0,0.0,0,0,4170,2.0,610.0,1
129,R,COIL,0,0.0,0,0,0,1.2,1220.0,2
130,K,COIL,0,45.0,0,0,0,1.09,610.0,2
131,R,SHEET,0,0.0,0,0,762,1.599,1300.0,1
132,V,COIL,0,0.0,0,0,0,1.2009999999999998,1525.0,1
133,K,COIL,0,55.0,0,0,0,1.1,900.0,2
134,R,SHEET,0,0.0,0,0,612,2.0,1525.0,1
135,A,COIL,600,0.0,0,0,0,3.5,610.0,2
136,A,COIL,0,0.0,50,0,0,0.6,610.0,2
137,A,COIL,0,0.0,0,0,0,1.6,610.0,3
138,W,SHEET,0,0.0,0,310,4880,2.5,610.0,2
139,A,COIL,0,0.0,60,0,0,0.6,50.0,2
140,A,SHEET,0,0.0,45,0,760,0.6990000000000001,1320.0,2
141,R,COIL,0,0.0,0,0,0,0.4,58.0,2
142,R,COIL,0,0.0,0,0,0,3.2,609.9,2
143,,COIL,0,0.0,0,0,0,0.7,1320.0,2
144,A,COIL,0,0.0,50,0,0,1.6,1250.0,2
145,R,SHEET,0,0.0,0,0,881,1.601,830.0,1
146,M,COIL,0,0.0,0,350,0,0.9,1320.0,2
147,V,COIL,0,0.0,0,0,0,2.0,1525.0,1
148,A,SHEET,0,0.0,0,0,762,0.6990000000000001,520.0,2
149,A,COIL,0,0.0,60,0,0,0.8,710.1,2
150,A,COIL,0,0.0,50,0,0,0.6,610.0,2
151,R,COIL,0,0.0,0,500,0,1.6,1320.0,2
152,R,SHEET,0,0.0,0,0,4880,0.6,610.0,2
153,A,SHEET,0,0.0,0,0,1000,1.6,1320.0,2
154,A,SHEET,0,0.0,0,0,4880,0.7,610.0,2
155,A,COIL,0,0.0,45,0,0,0.6990000000000001,1320.0,2
156,A,COIL,600,0.0,85,0,0,3.201,1000.0,4
157,A,SHEET,0,0.0,0,0,4880,0.6,1220.0,3
158,A,COIL,0,0.0,0,0,0,1.0,75.0,2
159,,COIL,0,0.0,0,0,0,1.6,1220.0,3
160,A,COIL,0,0.0,0,0,0,3.2,609.9,2
161,R,COIL,0,0.0,0,0,0,0.7,1320.0,2
162,A,COIL,0,0.0,70,0,0,2.5,609.9,2
163,A,SHEET,0,0.0,0,0,0,0.6990000000000001,609.9,2
164,R,SHEET,0,0.0,0,0,1000,3.2,610.0,2
165,R,COIL,0,0.0,0,0,0,0.9,966.1,2
166,A,COIL,0,0.0,0,0,0,1.001,610.0,2
167,R,SHEET,0,0.0,0,0,612,0.601,375.0,2
168,A,COIL,0,0.0,0,0,0,0.8,50.0,3
169,K,COIL,0,45.0,0,0,0,0.6,610.0,2
170,A,COIL,0,0.0,0,0,0,3.2,1320.0,2
171,A,SHEET,0,0.0,0,0,4880,0.6,610.0,3
172,A,SHEET,0,0.0,0,0,762,0.9990000000000001,1220.0,2
173,R,COIL,0,0.0,0,0,0,1.6,50.0,1
174,A,SHEET,0,0.0,0,0,4170,1.2,335.0,2
175,A,SHEET,0,0.0,0,0,4880,1.2,1250.0,2
176,W,COIL,600,0.0,0,310,0,2.5,1274.9,2
177,R,COIL,0,0.0,0,0,0,0.7,610.0,2
178,V,SHEET,0,0.0,0,0,1,0.8,1320.0,1
179,A,COIL,0,0.0,85,0,0,3.2,609.9,4
180,A,COIL,0,0.0,0,0,0,1.6,50.0,3
181,A,SHEET,0,0.0,0,0,4880,0.6990000000000001,610.0,2
182,A,SHEET,0,0.0,0,0,4880,1.599,1300.0,2
183,A,SHEET,0,0.0,0,0,4880,0.7,610.0,2
184,A,COIL,0,0.0,0,0,0,0.6,1320.0,2
185,,SHEET,0,0.0,0,0,4880,0.301,610.0,2
186,A,SHEET,0,0.0,0,0,762,0.6,1220.0,2
187,R,COIL,0,0.0,0,300,0,0.8,915.1,0
188,A,COIL,600,0.0,85,0,0,4.0,1000.0,4
189,K,COIL,0,65.0,0,0,0,1.5,640.0,2
190,A,SHEET,0,0.0,0,0,612,1.2,335.0,3
191,A,SHEET,0,0.0,0,0,4880,0.6,520.0,2
192,A,COIL,0,0.0,0,0,0,1.6,1320.0,2
193,R,COIL,0,0.0,0,0,0,3.2,1320.0,2
194,A,COIL,0,0.0,0,0,0,0.4,20.0,2
195,A,SHEET,0,0.0,0,0,4880,0.3,610.0,2
196,A,SHEET,0,0.0,0,0,4880,0.6,610.0,2
197,A,SHEET,0,0.0,0,0,4880,0.6990000000000001,520.0,2
198,A,SHEET,0,0.0,45,0,762,0.3,610.0,2
199,R,COIL,0,0.0,0,0,0,0.6990000000000001,610.0,2
200,R,SHEET,0,0.0,0,0,762,3.2,610.0,2
201,A,COIL,0,0.0,50,0,0,0.6,1250.0,2
202,A,COIL,0,0.0,0,0,0,1.6,1320.0,2
203,A,SHEET,0,0.0,0,0,762,0.3,1320.0,2
204,R,SHEET,0,0.0,0,0,762,0.6990000000000001,610.0,2
205,R,COIL,0,0.0,0,0,0,0.9009999999999999,966.1,2
206,R,SHEET,0,0.0,0,0,4880,0.3,595.0,2
207,A,SHEET,0,0.0,0,0,4880,0.6,1220.0,2
208,A,SHEET,0,0.0,0,0,4880,0.6990000000000001,609.9,2
209,S,SHEET,0,70.0,0,0,4880,2.0,1000.0,2
210,A,SHEET,0,0.0,0,0,4880,1.0,610.0,2
211,,COIL,0,0.0,0,0,0,3.2,60.0,2
212,K,COIL,0,55.0,0,0,0,1.0,900.0,2
213,A,COIL,0,0.0,45,0,0,0.7,1320.0,2
214,R,COIL,0,0.0,0,0,0,1.6,1320.0,2
215,A,SHEET,0,0.0,45,0,762,1.6,610.0,2
216,K,COIL,500,55.0,0,0,0,2.3,900.0,2
217,R,SHEET,0,0.0,0,0,762,0.8,1300.0,1
218,,SHEET,0,0.0,0,0,4880,0.301,1320.0,2
219,A,COIL,0,0.0,50,0,0,0.601,610.0,2
220,R,SHEET,0,0.0,0,0,762,3.2,1320.0,2
221,M,COIL,0,0.0,0,600,0,1.3,1090.0,1
222,A,SHEET,0,0.0,0,0,4880,0.6990000000000001,520.0,2
223,M,SHEET,0,0.0,0,600,1220,0.9,610.0,1
224,R,SHEET,0,0.0,0,0,762,3.2,1300.0,2
225,M,COIL,0,0.0,0,350,0,1.399,609.9,2
226,R,SHEET,0,0.0,0,0,761,1.599,610.0,1
227,A,COIL,0,0.0,0,0,0,0.6990000000000001,610.0,2
228,R,COIL,0,0.0,0,0,0,0.7,1220.0,2
229,R,COIL,0,0.0,0,0,0,0.6990000000000001,1320.0,2
230,A,SHEET,0,0.0,45,0,761,0.599,610.0,2
231,A,SHEET,0,0.0,0,0,400,0.6990000000000001,610.0,2
232,A,SHEET,0,0.0,45,0,612,1.6,1320.0,2
233,,SHEET,0,0.0,0,0,612,0.5,609.9,3
234,A,COIL,0,0.0,45,0,0,0.301,1320.0,2
235,K,COIL,500,65.0,0,0,0,3.2,640.0,2
236,A,SHEET,0,0.0,0,0,762,0.6,610.0,2
237,A,COIL,0,0.0,0,0,0,0.6,249.9,3
238,R,COIL,0,0.0,0,0,0,0.7,610.0,2
239,R,SHEET,0,0.0,0,0,762,3.2,1300.0,2
240,A,SHEET,0,0.0,0,0,762,1.599,1320.0,2
241,A,COIL,0,0.0,0,0,0,0.8,609.9,2
242,A,COIL,600,0.0,60,0,0,1.9,1135.0,2
243,V,COIL,0,0.0,0,0,0,0.6990000000000001,609.9,2
244,A,COIL,0,0.0,0,0,0,0.6990000000000001,610.0,2
245,R,SHEET,0,0.0,0,0,762,0.8,1320.0,1
246,R,COIL,0,0.0,0,0,0,0.9009999999999999,966.0,2
247,A,SHEET,0,0.0,0,0,762,0.7,610.0,2
248,A,COIL,0,0.0,0,0,0,0.8,75.0,2
249,R,SHEET,0,0.0,0,0,762,0.7,1320.0,2
250,A,SHEET,0,0.0,50,0,762,0.601,1250.0,2
251,A,COIL,0,0.0,60,0,0,0.799,609.0,2
252,R,SHEET,0,6.0,0,0,4880,1.0,610.0,2
253,A,COIL,0,0.0,50,0,0,0.6,20.0,2
254,K,COIL,0,45.0,0,0,0,0.6,900.0,2
255,R,SHEET,0,6.0,0,0,762,1.0,610.0,2
256,,COIL,0,0.0,0,0,0,0.5,250.0,3
257,A,COIL,0,0.0,0,0,0,0.6,50.0,3
258,W,SHEET,0,0.0,0,310,762,2.5,1274.9,2
259,A,SHEET,0,0.0,60,0,270,0.8009999999999999,255.1,2
260,R,SHEET,0,0.0,0,0,4170,1.6,1500.0,1
261,R,SHEET,0,0.0,0,0,4880,0.8,610.0,1
262,A,COIL,0,0.0,0,0,0,0.6,20.0,2
263,A,COIL,0,0.0,0,0,0,0.7,1320.0,2
264,,COIL,0,0.0,0,0,0,1.6,610.0,3
265,A,SHEET,0,0.0,0,0,4880,0.7,1220.0,2
266,A,SHEET,0,0.0,85,0,762,0.3,1220.0,4
267,A,COIL,0,0.0,0,0,0,3.2,610.0,2
268,A,SHEET,0,0.0,0,0,762,0.601,610.0,2
269,R,COIL,0,0.0,0,0,0,0.321,610.0,2
270,A,COIL,0,0.0,0,0,0,0.601,1220.0,2
271,R,COIL,0,0.0,0,0,0,0.6990000000000001,610.0,2
272,R,SHEET,0,0.0,0,0,4880,3.2,150.0,2
273,A,SHEET,0,0.0,0,0,762,0.7,1220.0,2
274,,COIL,0,0.0,0,0,0,0.6,250.0,3
275,A,COIL,0,0.0,85,0,0,3.2,1220.0,4
276,R,SHEET,0,0.0,0,0,762,0.8,1320.0,1
277,S,COIL,0,0.0,0,400,0,0.8,609.9,0
278,A,SHEET,0,0.0,0,0,4170,1.2,610.0,2
279,A,SHEET,0,0.0,0,0,761,0.6990000000000001,1320.0,2
280,R,SHEET,0,0.0,0,0,4880,0.8,1320.0,1
281,R,SHEET,0,0.0,0,0,762,3.2,150.0,2
282,M,SHEET,0,0.0,0,600,1220,1.2990000000000002,1050.0,1
283,R,SHEET,0,0.0,0,0,4880,3.2,1300.0,2
284,R,SHEET,0,0.0,0,0,4880,0.6,375.0,2
285,A,SHEET,0,0.0,0,0,762,0.7,610.0,2
286,R,COIL,0,6.0,0,0,0,1.2,1220.0,2
287,S,COIL,0,0.0,0,400,0,1.0,75.0,0
288,R,SHEET,0,6.0,0,0,762,1.0,1320.0,2
289,A,COIL,600,0.0,70,0,0,2.5,610.0,2
290,R,SHEET,0,0.0,0,0,4880,0.8,610.0,1
291,R,SHEET,0,0.0,0,0,762,0.6,520.0,2
292,,COIL,0,0.0,70,0,0,0.8,50.0,2
293,A,SHEET,0,0.0,0,0,4880,0.3,1320.0,2
294,A,COIL,0,0.0,0,0,0,0.7,610.0,2
295,,SHEET,0,0.0,0,500,762,2.0,610.0,1
296,,SHEET,0,0.0,0,0,3000,0.5,609.9,3
297,,COIL,0,0.0,0,0,0,0.7,610.0,2
298,R,SHEET,0,0.0,0,0,4880,1.0,610.0,2
299,R,COIL,0,0.0,0,0,0,1.601,1320.0,2
300,R,SHEET,0,0.0,0,0,762,0.301,610.0,2
301,R,SHEET,0,0.0,0,0,612,1.2,609.9,1
302,R,SHEET,0,0.0,0,0,4170,0.8,1500.0,1
303,A,SHEET,0,0.0,45,0,762,0.7,1300.0,2
304,R,COIL,0,0.0,0,0,0,1.2009999999999998,50.0,2
305,A,SHEET,0,0.0,0,0,4880,0.75,610.0,2
306,R,SHEET,0,0.0,0,0,762,0.7,374.9,2
307,R,COIL,0,0.0,0,500,0,1.6,609.9,2
308,R,SHEET,0,0.0,0,0,4880,0.8,610.0,1
309,K,COIL,0,65.0,0,0,0,1.09,900.0,2
310,R,COIL,0,0.0,0,0,0,0.6990000000000001,1320.0,2
311,R,SHEET,0,0.0,0,0,762,0.7,150.0,2
312,K,COIL,0,55.0,0,0,0,2.2,900.0,2
313,V,SHEET,0,0.0,0,0,4880,0.7,610.0,2
314,A,COIL,0,4.0,0,0,0,1.0,25.0,2
315,R,COIL,0,0.0,0,0,0,0.6990000000000001,610.0,2
316,A,COIL,0,0.0,0,0,0,0.7,610.0,2
317,R,SHEET,0,0.0,0,0,4880,1.599,1320.0,1
318,V,SHEET,0,0.0,0,0,762,0.7,1320.0,2
319,R,SHEET,0,0.0,0,0,4880,3.2,1320.0,2
320,R,SHEET,0,0.0,0,0,762,0.6990000000000001,1320.0,2
321,A,COIL,0,0.0,50,0,0,0.601,610.0,2
322,A,SHEET,0,0.0,0,0,761,0.6,610.0,3
323,R,COIL,0,0.0,0,0,0,3.2,610.0,2
324,K,COIL,600,65.0,0,0,0,2.3,900.0,2
325,A,SHEET,0,0.0,0,0,4880,0.6,300.1,2
326,A,SHEET,0,0.0,0,0,4880,0.6990000000000001,300.1,2
327,R,COIL,600,0.0,0,0,0,4.0,610.0,2
328,R,SHEET,0,0.0,0,0,762,1.599,610.0,2
329,A,SHEET,0,0.0,85,0,762,0.4,1220.0,4
330,M,COIL,0,0.0,0,350,0,1.601,609.9,2
331,A,SHEET,0,0.0,45,0,300,0.4,1220.0,2
332,R,COIL,0,0.0,0,0,0,1.6,1220.0,2
333,R,SHEET,0,0.0,0,0,762,0.7,1300.0,2
334,A,SHEET,0,0.0,85,0,4880,0.3,1220.0,4
335,A,SHEET,0,0.0,0,0,761,1.6,1220.0,3
336,A,COIL,0,0.0,0,0,0,0.4,610.0,2
337,A,SHEET,0,0.0,45,0,762,0.3,610.0,2
338,R,COIL,0,6.0,0,0,0,1.0,610.0,2
339,A,SHEET,0,0.0,0,0,4880,0.7,610.0,2
340,S,COIL,0,0.0,0,400,0,0.8,75.0,0
341,A,COIL,0,0.0,0,0,0,2.5,1320.0,2
342,A,SHEET,0,0.0,50,0,4880,1.6,1250.0,2
343,A,COIL,0,0.0,0,0,0,0.7,610.0,2
344,,COIL,0,0.0,50,0,0,0.601,1320.0,2
345,A,SHEET,0,0.0,0,0,762,0.7,1320.1,2
346,R,COIL,0,0.0,0,0,0,3.201,385.1,2
347,R,SHEET,0,0.0,0,0,4880,1.6,500.0,2
348,,SHEET,0,0.0,0,0,4880,0.7,1320.0,2
349,A,COIL,0,0.0,0,0,0,4.0,500.0,2
350,A,COIL,0,0.0,0,0,0,0.4,609.9,2
351,R,SHEET,0,0.0,0,0,4170,1.6,610.0,1
352,,SHEET,0,0.0,0,0,762,1.6,610.0,3
353,A,SHEET,0,0.0,45,0,4880,1.6,1300.0,2
354,R,COIL,0,0.0,0,0,0,3.2,50.0,2
355,A,COIL,0,0.0,80,0,0,0.5,29.0,2
356,,SHEET,0,0.0,0,0,762,0.3,595.0,2
357,A,SHEET,0,0.0,85,0,611,1.2,1200.0,4
358,A,COIL,0,0.0,60,0,0,2.801,355.0,2
359,A,COIL,500,0.0,85,0,0,4.0,610.0,4
360,A,SHEET,0,0.0,0,0,0,0.6990000000000001,609.9,2
361,K,COIL,0,65.0,0,0,0,1.5,900.0,2
362,R,COIL,600,0.0,0,0,0,4.0,1000.0,2
363,R,COIL,0,0.0,0,300,0,0.8,915.0,0
364,A,COIL,0,0.0,0,0,0,0.7,610.0,2
365,A,COIL,600,0.0,85,0,0,3.201,610.0,4
366,A,SHEET,0,0.0,0,0,762,1.0,1320.0,2
367,R,COIL,0,0.0,0,0,0,0.4,1320.0,2
368,A,SHEET,0,0.0,0,0,762,1.6,610.0,3
369,A,COIL,0,0.0,0,0,0,0.7,610.0,2
370,A,SHEET,0,0.0,85,0,0,0.4,1220.0,4
371,K,COIL,500,65.0,0,0,0,3.2,900.0,2
372,,SHEET,0,0.0,0,0,612,0.5,609.9,3
373,R,SHEET,0,0.0,0,0,612,1.599,1500.0,1
374,R,SHEET,0,0.0,0,0,4880,0.8,1320.0,1
375,A,COIL,0,0.0,0,0,0,2.5,1320.0,2
376,A,COIL,0,0.0,0,0,0,0.8,900.1,2
377,R,COIL,0,0.0,0,0,0,4.0,385.1,2
378,,SHEET,0,0.0,0,0,762,0.6990000000000001,1300.0,2
379,A,SHEET,0,0.0,0,0,4880,0.6,610.0,2
380,A,SHEET,0,0.0,0,0,612,0.7,375.0,2
381,,SHEET,0,0.0,0,0,762,0.4,610.0,2
382,A,COIL,0,0.0,0,0,0,0.3,1320.0,2
383,R,COIL,0,0.0,0,0,0,3.2,610.0,2
384,A,COIL,0,0.0,85,0,0,1.2009999999999998,1220.0,4
385,A,SHEET,0,0.0,45,0,762,0.7,1320.0,2
386,R,COIL,0,0.0,0,0,0,0.8,610.0,1
387,A,COIL,0,0.0,45,0,0,0.6990000000000001,610.0,2
388,M,COIL,0,0.0,0,350,0,1.6,609.9,2
389,K,COIL,0,65.0,0,0,0,1.09,610.0,2
390,A,SHEET,0,0.0,45,0,4880,0.3,610.0,2
391,A,SHEET,0,0.0,0,0,612,1.2,609.9,2
392,K,COIL,0,65.0,0,0,0,0.6,900.0,2
393,R,SHEET,0,0.0,0,0,612,2.0,1500.0,1
394,V,COIL,0,0.0,0,0,0,0.8,20.0,1
395,K,COIL,0,45.0,0,0,0,0.6,900.0,2
396,A,SHEET,0,0.0,0,0,4880,0.9990000000000001,1220.0,2
397,R,SHEET,0,0.0,0,0,4880,1.599,1320.0,2
398,R,SHEET,0,0.0,0,0,612,2.0,610.0,1
399,R,SHEET,0,6.0,0,0,762,0.6,610.0,2
400,A,SHEET,0,0.0,0,0,762,0.6,609.9,2
401,M,COIL,0,0.0,0,350,0,0.9,610.0,2
402,R,SHEET,0,0.0,0,0,4880,1.599,610.0,1
403,A,COIL,0,0.0,50,0,0,0.4,1320.0,2
404,R,SHEET,0,0.0,0,0,612,1.2,335.0,1
405,S,COIL,0,0.0,0,700,0,1.0,609.9,0
406,M,SHEET,0,0.0,0,600,1220,0.9,1050.0,1
407,A,COIL,0,0.0,0,0,0,1.2009999999999998,75.0,2
408,M,COIL,0,0.0,0,600,0,1.3,1090.0,1
409,A,COIL,0,0.0,0,0,0,0.7,20.0,2
410,,SHEET,0,0.0,0,500,301,2.0,609.9,1
411,A,COIL,0,0.0,85,0,0,1.2009999999999998,610.0,4
412,,COIL,0,0.0,0,0,0,0.799,249.9,3
413,A,SHEET,0,0.0,0,0,762,0.3,610.0,2
414,A,SHEET,0,0.0,45,0,761,0.599,1320.0,2
415,W,SHEET,0,0.0,0,310,762,1.6,610.0,2
416,A,COIL,0,0.0,0,0,0,0.6990000000000001,1320.0,2
417,K,COIL,0,55.0,0,0,0,1.09,610.0,2
418,K,COIL,0,65.0,0,0,0,0.8,900.0,2
419,A,COIL,0,0.0,0,500,0,1.6,1320.0,2
420,V,SHEET,0,0.0,0,0,762,1.599,1320.0,1
421,A,SHEET,0,0.0,0,0,4880,3.2,1320.0,2
422,,COIL,0,0.0,0,0,0,0.301,20.0,2
423,A,SHEET,0,0.0,0,0,612,0.7,335.0,2
424,A,SHEET,0,0.0,0,0,762,0.6990000000000001,1320.0,2
425,A,SHEET,0,0.0,45,0,761,0.6990000000000001,1220.0,2
426,K,COIL,0,55.0,0,0,0,1.09,900.0,2
427,A,SHEET,0,0.0,60,0,269,0.8009999999999999,255.1,2
428,A,SHEET,0,0.0,85,0,150,1.2,600.0,4
429,A,SHEET,0,0.0,0,0,762,0.6990000000000001,610.0,2
430,R,SHEET,0,0.0,0,0,881,1.6,831.9,1
431,R,COIL,0,0.0,0,0,0,0.6990000000000001,20.0,2
432,A,COIL,0,0.0,0,0,0,0.321,610.0,2
433,W,SHEET,0,0.0,0,310,4880,0.8,1275.0,2
434,A,SHEET,0,0.0,0,0,4880,0.6990000000000001,1220.0,2
435,R,SHEET,0,0.0,0,0,762,0.6990000000000001,595.0,2
436,K,COIL,0,55.0,0,0,0,2.2,900.0,2
437,A,COIL,0,0.0,0,0,0,1.2009999999999998,50.0,2
438,R,SHEET,0,0.0,0,0,3000,1.2,335.0,1
439,M,COIL,0,0.0,0,350,0,1.4,1310.0,2
440,R,SHEET,0,0.0,0,0,762,0.8,610.0,1
441,R,COIL,600,0.0,0,0,0,4.0,610.0,2
442,A,SHEET,0,0.0,0,0,762,0.5,610.0,3
443,A,COIL,600,0.0,60,0,0,2.8,610.0,2
444,A,COIL,0,0.0,0,0,0,0.799,1300.0,2
445,R,SHEET,0,0.0,0,0,612,1.6,1500.0,1
446,R,SHEET,0,0.0,0,0,4170,1.2,609.9,2
447,A,COIL,0,0.0,0,0,0,3.201,152.0,2
448,A,SHEET,0,0.0,0,0,4880,0.601,1320.0,2
449,A,SHEET,0,0.0,0,0,4880,0.4,1320.0,2
450,R,SHEET,0,0.0,0,0,762,0.7,610.0,2
451,A,SHEET,0,0.0,0,0,762,1.0,1320.0,2
452,A,SHEET,0,0.0,80,0,612,1.6,1320.0,4
453,A,COIL,0,0.0,0,500,0,1.6,1525.0,2
454,R,SHEET,0,0.0,0,0,4170,2.0,610.0,1
455,,COIL,0,0.0,0,0,0,0.799,20.0,2
456,R,SHEET,0,0.0,0,0,762,0.8,1300.0,1
457,A,SHEET,0,0.0,0,0,300,0.6,610.0,3
458,,COIL,0,0.0,0,0,0,1.6,610.0,3
459,A,SHEET,0,0.0,0,0,762,0.6990000000000001,1320.0,2
460,A,COIL,600,0.0,70,0,0,2.5,610.0,2
461,A,COIL,0,0.0,50,0,0,0.451,20.0,2
462,R,SHEET,0,0.0,0,0,4170,0.8,1500.0,1
463,R,SHEET,0,0.0,0,0,761,0.6990000000000001,1320.0,2
464,A,SHEET,0,0.0,0,0,4880,3.201,1320.0,2
465,A,SHEET,0,0.0,0,0,762,0.6,300.1,2
466,A,COIL,0,4.0,0,0,0,0.5,25.0,2
467,R,COIL,600,0.0,0,0,0,3.5,1000.0,2
468,A,SHEET,0,0.0,0,0,4880,0.6,609.9,2
469,A,COIL,0,0.0,70,0,0,0.8,50.0,2
470,R,COIL,0,0.0,0,0,0,1.6,1320.0,2
471,,COIL,0,0.0,0,0,0,0.3,609.9,2
472,R,SHEET,0,0.0,0,0,612,1.6,609.9,2
473,A,SHEET,0,0.0,0,0,4170,0.6,610.0,2
474,A,COIL,0,0.0,50,0,0,3.2,610.0,2
475,A,COIL,0,0.0,70,0,0,0.6,610.0,2
476,A,COIL,0,0.0,45,0,0,0.7,1320.0,2
477,A,COIL,0,0.0,60,0,0,4.0,385.1,2
478,A,COIL,600,0.0,70,0,0,0.6,1320.0,2
479,K,COIL,0,45.0,0,0,0,2.2,640.0,2
480,A,COIL,0,0.0,0,0,0,0.6990000000000001,20.0,2
481,A,COIL,0,0.0,0,0,0,0.6990000000000001,1320.0,2
482,A,SHEET,0,0.0,0,0,614,1.2,609.9,2
483,A,SHEET,0,0.0,0,0,4880,1.0,1320.0,2
484,A,COIL,0,0.0,0,0,0,1.2,609.9,3
485,K,COIL,0,65.0,0,0,0,1.0,610.0,2
486,K,COIL,0,55.0,0,0,0,1.5,900.0,2
487,K,COIL,0,45.0,0,0,0,3.2,900.0,2
488,A,SHEET,0,0.0,0,0,762,0.6990000000000001,610.0,2
489,R,COIL,0,0.0,0,0,0,0.6990000000000001,609.9,2
490,A,COIL,0,0.0,0,0,0,0.6990000000000001,610.0,2
491,R,SHEET,0,0.0,0,0,762,0.3,1320.0,2
492,W,SHEET,0,0.0,0,310,4880,2.501,1275.0,2
493,A,SHEET,0,0.0,85,0,762,1.0,1220.0,4
494,A,SHEET,0,0.0,45,0,759,0.7,610.0,2
495,A,SHEET,0,0.0,45,0,3000,0.7,609.9,2
496,A,SHEET,0,0.0,85,0,4880,3.2,200.1,4
497,A,COIL,0,0.0,0,0,0,0.4,609.9,2
498,A,SHEET,0,0.0,0,0,3000,0.6,335.0,3
499,A,SHEET,0,0.0,50,0,4880,0.6,1250.0,2
500,R,SHEET,0,0.0,0,0,762,0.7,1300.0,2
501,A,SHEET,0,0.0,0,0,612,0.6,610.0,3
502,R,SHEET,0,0.0,0,0,4880,3.2,610.0,2
503,,SHEET,0,0.0,0,0,762,0.3,610.0,2
504,A,COIL,0,0.0,0,0,0,0.6,609.0,2
505,A,SHEET,0,0.0,85,0,150,1.2,1200.0,4
506,A,COIL,0,0.0,85,0,0,1.2,609.9,4
507,A,SHEET,0,0.0,0,0,4170,0.7,609.9,2
508,R,SHEET,0,0.0,0,0,4880,1.599,1300.0,1
509,A,COIL,0,0.0,0,0,0,0.6990000000000001,20.0,2
510,R,COIL,0,0.0,0,0,0,0.6990000000000001,1320.0,2
511,,SHEET,0,0.0,0,0,762,0.3,1300.0,2
512,R,SHEET,0,0.0,0,0,4170,1.2,1320.0,2
513,A,SHEET,0,0.0,0,0,4880,0.6,520.0,2
514,A,COIL,0,0.0,0,0,0,0.3,610.0,2
515,A,SHEET,0,0.0,0,0,4880,0.6,610.0,2
516,A,SHEET,0,0.0,0,0,762,0.7,610.0,2
517,A,SHEET,0,0.0,0,0,4880,0.601,610.0,2
518,,SHEET,0,0.0,0,0,762,1.6,610.0,3
519,A,COIL,0,0.0,0,0,0,0.6,609.9,2
520,A,SHEET,0,0.0,45,0,762,0.3,519.9,2
521,R,COIL,0,0.0,0,0,0,1.0,75.0,2
522,K,COIL,500,55.0,0,0,0,2.3,900.0,2
523,A,SHEET,0,0.0,0,0,4880,0.3,610.0,2
524,A,SHEET,0,0.0,60,0,762,0.8,356.1,2
525,R,SHEET,0,0.0,0,0,4880,0.8,1300.0,1
526,A,COIL,0,0.0,85,0,0,3.201,190.0,4
527,W,COIL,0,0.0,0,310,0,2.501,600.1,2
528,A,SHEET,0,0.0,0,0,762,0.9990000000000001,610.0,2
529,A,COIL,0,0.0,0,0,0,1.2,609.9,3
530,A,COIL,0,0.0,60,0,0,0.799,609.9,2
531,R,SHEET,0,0.0,0,0,150,0.6990000000000001,610.0,2
532,V,COIL,0,0.0,0,0,0,0.7,1320.0,2
533,K,COIL,0,45.0,0,0,0,1.5,640.0,2
534,A,COIL,0,0.0,0,500,0,1.6,610.0,2
535,R,SHEET,0,0.0,0,0,762,3.2,1320.0,2
536,,SHEET,0,0.0,0,0,4120,0.301,500.0,2
537,K,COIL,0,45.0,0,0,0,3.2,900.0,2
538,,SHEET,0,0.0,45,0,762,0.7,1320.0,2
539,R,SHEET,0,0.0,0,0,4170,2.0,610.0,1
540,K,COIL,0,65.0,0,0,0,1.0,610.0,2
541,K,COIL,500,65.0,0,0,0,2.3,640.0,2
542,R,SHEET,0,0.0,0,0,612,1.6,610.0,1
543,R,SHEET,0,0.0,0,0,762,0.8,610.0,1
544,A,SHEET,0,0.0,0,0,762,0.6,520.0,2
545,A,COIL,0,0.0,0,0,0,0.8,609.9,2
546,A,COIL,0,0.0,0,0,0,1.6,600.1,3
547,V,SHEET,0,0.0,0,0,4880,0.8,1320.0,1
548,R,SHEET,0,0.0,0,0,762,1.601,610.0,2
549,R,SHEET,0,0.0,0,0,762,0.7,1320.0,2
550,A,SHEET,0,0.0,0,0,612,1.6,1220.0,3
551,A,SHEET,0,0.0,45,0,4880,0.6990000000000001,610.0,2
552,A,SHEET,0,0.0,0,0,762,0.6,609.9,2
553,A,COIL,0,0.0,0,0,0,0.7,20.0,2
554,R,COIL,0,0.0,0,0,0,0.8,1320.0,1
555,R,COIL,0,0.0,0,0,0,0.8,609.9,2
556,A,COIL,0,0.0,0,0,0,0.601,610.0,2
557,R,SHEET,0,0.0,0,0,762,0.8,610.0,1
558,W,SHEET,0,0.0,0,310,762,1.599,1275.0,2
559,,SHEET,0,0.0,0,0,4170,0.4,1220.0,2
560,A,COIL,0,0.0,0,0,0,0.799,20.0,2
561,K,COIL,0,45.0,0,0,0,1.5,640.0,2
562,R,SHEET,0,6.0,0,0,762,1.0,1320.0,2
563,R,SHEET,0,0.0,0,0,762,1.599,610.0,2
564,K,COIL,600,45.0,0,0,0,3.2,900.0,2
565,A,COIL,0,0.0,0,0,0,0.301,610.0,2
566,A,SHEET,0,0.0,0,0,1,0.6,609.9,3
567,A,SHEET,0,0.0,0,0,612,0.7,609.9,2
568,A,COIL,0,0.0,50,0,0,0.3,1250.0,2
569,A,COIL,0,0.0,50,0,0,0.3,610.0,2
570,,SHEET,0,0.0,0,500,301,2.0,300.1,1
571,R,SHEET,0,0.0,0,0,762,1.599,1300.0,2
572,A,SHEET,0,0.0,0,0,4880,0.7,610.0,2
573,A,COIL,0,0.0,0,0,0,1.2,599.9,2
574,A,SHEET,0,0.0,60,0,4880,0.8,356.1,2
575,R,SHEET,0,0.0,0,0,4880,1.601,610.0,2
576,A,SHEET,0,0.0,85,0,611,0.4,600.0,4
577,R,COIL,0,0.0,0,0,0,0.601,610.0,2
578,A,COIL,0,0.0,0,0,0,0.6990000000000001,20.0,2
579,A,SHEET,0,0.0,0,0,762,1.2,610.0,2
580,A,COIL,0,0.0,0,0,0,0.6,610.0,2
581,A,SHEET,0,0.0,60,0,762,0.8009999999999999,356.0,2
582,W,SHEET,0,0.0,0,310,762,2.5,610.0,2
583,R,SHEET,0,0.0,0,0,612,0.6990000000000001,609.0,2
584,,COIL,0,0.0,0,0,0,3.2,610.0,2
585,,SHEET,0,0.0,0,500,301,2.0,300.1,1
586,A,COIL,0,0.0,0,0,0,1.0,1320.0,2
587,,SHEET,0,0.0,0,500,762,1.6,610.0,1
588,A,SHEET,0,0.0,0,0,301,0.6,1320.0,2
589,A,COIL,0,0.0,0,0,0,3.2,609.9,2
590,A,COIL,0,0.0,45,0,0,0.7,610.0,2
591,A,COIL,0,0.0,85,0,0,1.001,609.9,4
592,A,SHEET,0,0.0,0,0,762,0.6990000000000001,519.0,2
593,K,COIL,0,65.0,0,0,0,3.0,65.1,2
594,R,SHEET,0,0.0,0,0,4170,1.599,610.0,2
595,A,SHEET,0,0.0,0,0,4880,0.7,609.9,2
596,,COIL,0,0.0,50,0,0,0.6,610.0,2
597,A,SHEET,0,0.0,0,0,762,0.7,1320.0,2
598,R,SHEET,0,0.0,0,0,761,0.8,1320.0,1
599,K,COIL,0,45.0,0,0,0,0.6,610.0,2
600,R,COIL,0,0.0,0,0,0,0.7,1220.0,2
601,A,SHEET,0,0.0,0,0,762,0.6,520.0,2
602,A,SHEET,0,0.0,45,0,762,0.3,1320.0,2
603,A,SHEET,0,0.0,0,0,762,0.4,1320.0,2
604,,SHEET,0,0.0,0,0,4880,0.5,1220.0,3
605,A,COIL,0,0.0,0,0,0,3.201,0.0,2
606,R,COIL,0,0.0,0,0,0,0.6990000000000001,1250.0,2
607,K,COIL,600,55.0,0,0,0,3.2,640.0,2
608,,COIL,0,0.0,0,0,0,0.8,50.0,3
609,A,SHEET,0,0.0,0,0,762,1.0,610.0,2
610,A,COIL,0,0.0,0,0,0,1.6,609.9,3
611,A,COIL,0,0.0,60,0,0,0.799,20.0,2
612,R,COIL,0,0.0,0,0,0,0.601,610.0,2
613,,SHEET,0,0.0,0,0,762,0.3,1320.0,2
614,A,COIL,0,0.0,85,0,0,0.4,609.9,4
615,R,SHEET,0,0.0,0,0,762,0.7,610.0,2
616,A,SHEET,0,0.0,0,0,761,0.6,610.0,2
617,A,COIL,0,0.0,0,0,0,0.6990000000000001,609.9,2
618,A,COIL,0,0.0,80,0,0,0.5,28.0,2
619,A,SHEET,0,0.0,0,0,4170,0.7,610.0,2
620,A,SHEET,0,0.0,45,0,761,0.4,1220.0,2
621,R,SHEET,0,0.0,0,0,150,0.4,610.0,2
622,R,SHEET,0,0.0,0,0,762,3.2,610.0,2
623,,SHEET,0,0.0,0,0,761,0.3,610.0,2
624,A,COIL,600,0.0,85,0,0,4.0,1000.0,4
625,R,SHEET,0,6.0,0,0,4880,1.0,610.0,2
626,A,SHEET,0,0.0,45,0,4880,1.6,610.0,2
627,R,SHEET,0,0.0,0,0,762,0.8,609.9,1
628,A,COIL,0,0.0,50,0,0,0.601,610.0,2
629,R,SHEET,0,0.0,0,0,762,0.6990000000000001,1320.0,2
630,A,COIL,0,0.0,60,0,0,4.0,50.0,2
631,W,SHEET,0,0.0,0,310,762,2.5,1274.9,2
632,R,SHEET,0,0.0,0,0,762,1.599,150.0,1
633,W,COIL,0,0.0,0,310,0,0.8,609.9,2
634,A,SHEET,0,0.0,0,0,4880,0.6,609.9,2
635,A,SHEET,0,0.0,45,0,759,1.6,1320.0,2
636,R,SHEET,0,0.0,0,0,881,1.601,830.0,1
637,A,COIL,0,0.0,0,0,0,1.6,60.0,2
638,A,COIL,600,0.0,70,0,0,0.8009999999999999,1320.0,2
639,R,COIL,0,0.0,0,0,0,1.599,610.0,1
640,,SHEET,0,0.0,0,0,4170,0.3,1220.0,2
641,R,SHEET,0,0.0,0,0,4880,1.601,150.0,2
642,A,COIL,500,0.0,60,0,0,1.001,1320.0,2
643,A,SHEET,0,0.0,45,0,4880,0.6990000000000001,1320.0,2
644,A,SHEET,0,0.0,0,0,762,0.3,1320.0,2
645,M,SHEET,0,0.0,0,600,1220,1.2990000000000002,1050.0,1
646,A,SHEET,0,0.0,0,0,4880,0.6,300.1,2
647,A,SHEET,0,0.0,0,0,762,0.6,1220.0,3
648,R,SHEET,0,0.0,0,0,761,0.6990000000000001,610.0,2
649,,SHEET,0,0.0,0,0,612,0.6990000000000001,610.0,2
650,R,SHEET,0,0.0,0,0,762,1.6,609.9,2
651,A,SHEET,0,0.0,45,0,4880,0.6990000000000001,1320.0,2
652,A,COIL,0,0.0,0,0,0,1.2,610.0,2
653,W,SHEET,0,0.0,0,310,762,0.8,1275.0,2
654,R,SHEET,0,0.0,0,0,611,1.2,1320.0,2
655,R,SHEET,0,0.0,0,0,1,0.8,610.0,1
656,A,SHEET,0,0.0,60,0,270,0.8,255.0,2
657,A,COIL,0,8.0,0,0,0,0.6990000000000001,20.0,2
658,A,SHEET,0,0.0,0,0,0,0.6,520.0,2
659,A,SHEET,0,0.0,45,0,300,0.4,610.0,2
660,A,COIL,0,0.0,45,0,0,0.4,610.0,2
661,M,SHEET,0,0.0,0,600,3000,0.9,610.0,1
662,A,COIL,600,0.0,60,0,0,2.801,610.0,2
663,K,COIL,600,55.0,0,0,0,2.3,900.0,2
664,R,SHEET,0,6.0,0,0,4880,0.6,1320.0,2
665,A,SHEET,0,0.0,0,0,4880,1.6,610.0,3
666,R,SHEET,0,0.0,0,0,4170,1.2,610.0,2
667,A,SHEET,0,0.0,0,0,4880,1.599,1320.0,2
668,,SHEET,0,0.0,0,0,762,0.3,374.9,2
669,A,COIL,0,0.0,0,0,0,0.6,609.9,3
670,A,SHEET,0,0.0,50,0,4880,0.6,1250.0,2
671,,COIL,0,0.0,0,0,0,0.4,609.9,2
672,R,SHEET,0,0.0,0,0,4880,0.6990000000000001,610.0,2
673,,COIL,0,0.0,70,0,0,0.799,609.9,2
674,A,SHEET,0,0.0,0,0,762,0.6990000000000001,519.9,2
675,R,SHEET,0,0.0,0,0,762,0.8,610.0,1
676,A,SHEET,0,0.0,50,0,4880,0.601,1250.0,2
677,R,COIL,0,0.0,0,0,0,0.4,610.0,2
678,,COIL,0,0.0,0,0,0,0.3,1320.0,2
679,A,COIL,0,0.0,85,0,0,1.0,20.0,4
680,A,COIL,0,0.0,0,0,0,1.6,610.0,3
681,M,SHEET,0,0.0,0,600,4880,2.0,1320.0,1
682,A,SHEET,0,0.0,45,0,760,0.6990000000000001,1320.0,2
683,K,COIL,600,55.0,0,0,0,2.3,640.0,2
684,,COIL,0,0.0,0,0,0,3.2,1320.0,2
685,,COIL,0,0.0,50,0,0,1.2009999999999998,610.0,2
686,A,SHEET,0,0.0,0,0,4880,0.3,1320.0,2
687,R,SHEET,0,0.0,0,0,762,0.6990000000000001,609.9,2
688,R,SHEET,0,0.0,0,0,4880,0.8,610.0,1
689,A,COIL,0,0.0,0,0,0,0.7,609.9,2
690,R,SHEET,0,0.0,0,0,761,0.4,1320.0,2
691,R,COIL,0,0.0,0,0,0,1.6,610.0,1
692,A,SHEET,0,0.0,0,0,761,1.6,1220.0,3
693,A,SHEET,0,0.0,0,0,4880,0.6990000000000001,1220.0,2
694,R,SHEET,0,0.0,0,0,4170,1.599,1525.0,1
695,A,COIL,0,0.0,0,0,0,1.6,610.0,2
696,R,COIL,0,6.0,0,0,0,0.5,610.0,2
697,A,COIL,0,0.0,0,0,0,0.3,610.0,2
698,A,SHEET,0,0.0,0,0,4880,0.6990000000000001,610.0,2
699,A,COIL,0,0.0,0,0,0,0.6,609.9,3
700,R,COIL,0,0.0,0,0,0,0.3,610.0,2
701,A,COIL,600,0.0,60,0,0,0.8009999999999999,1320.0,2
702,A,SHEET,0,0.0,0,0,762,1.6,610.0,3
703,A,SHEET,0,0.0,50,0,762,0.451,610.0,2
704,,COIL,0,0.0,50,0,0,0.601,610.0,2
705,A,COIL,0,0.0,0,0,0,0.6,609.9,3
706,R,SHEET,0,0.0,0,0,762,1.599,1320.0,1
707,A,SHEET,0,0.0,0,0,612,1.6,335.0,3
708,A,SHEET,0,0.0,45,0,761,0.3,610.0,2
709,A,SHEET,0,0.0,0,0,762,0.3,610.0,2
710,R,SHEET,0,0.0,0,0,150,0.4,1320.0,2
711,A,COIL,0,0.0,0,500,0,0.9,1320.0,2
712,A,COIL,0,0.0,70,0,0,0.8,610.0,2
713,R,COIL,0,0.0,0,0,0,0.8,609.9,1
714,,COIL,0,0.0,70,0,0,0.799,609.0,2
715,R,COIL,0,0.0,0,0,0,0.6990000000000001,609.9,2
716,A,SHEET,0,0.0,0,0,762,1.6,150.0,2
717,A,COIL,0,0.0,45,0,0,0.7,1320.0,2
718,A,SHEET,0,0.0,50,0,762,0.4,1220.0,2
719,A,COIL,0,0.0,85,0,0,0.321,1220.0,4
720,W,SHEET,0,0.0,0,310,4880,1.6,1274.9,2
721,A,SHEET,0,0.0,45,0,4880,0.7,610.0,2
722,A,COIL,0,0.0,0,0,0,1.6,606.9,2
723,R,SHEET,0,0.0,0,0,762,0.7,609.9,2
724,A,COIL,0,0.0,45,0,0,0.6990000000000001,610.0,2
725,R,COIL,0,0.0,0,0,0,0.8,20.0,1
726,K,COIL,0,55.0,0,0,0,1.0,900.0,2
727,,SHEET,0,0.0,0,500,4880,2.0,609.9,1
728,R,SHEET,0,0.0,0,0,612,1.2,150.0,2
729,A,COIL,0,0.0,60,0,0,0.6,610.0,2
730,A,SHEET,0,0.0,85,0,4880,1.2,1220.0,4
731,S,SHEET,0,70.0,0,0,762,1.6,1320.0,2
732,,COIL,0,0.0,50,0,0,1.2009999999999998,1320.0,2
733,R,SHEET,0,0.0,0,0,612,1.6,1525.0,1
734,A,SHEET,0,0.0,45,0,4880,0.3,150.0,2
735,A,SHEET,0,0.0,0,0,1,0.6,335.0,3
736,A,SHEET,0,0.0,0,0,762,1.601,1300.0,2
737,R,SHEET,0,0.0,0,0,762,0.3,1320.0,2
738,R,SHEET,0,0.0,0,0,4880,0.6,609.0,2
739,R,COIL,0,0.0,0,0,0,0.7,1220.0,2
740,R,COIL,0,0.0,0,0,0,1.599,609.9,1
741,,SHEET,0,0.0,0,0,4880,0.3,595.0,2
742,R,SHEET,0,0.0,0,0,4880,0.7,1320.0,2
743,R,COIL,0,0.0,0,0,0,1.6,610.0,2
744,R,COIL,0,0.0,0,0,0,0.8,75.0,2
745,V,COIL,0,0.0,0,0,0,0.8,609.9,2
746,R,SHEET,0,0.0,0,0,612,0.7,150.0,2
747,R,SHEET,0,0.0,0,0,762,0.7,150.0,2
748,A,SHEET,0,0.0,0,0,762,1.6,1220.0,3
749,,COIL,600,0.0,70,0,0,2.801,1000.0,2
750,R,COIL,0,0.0,0,0,0,0.6,1320.0,2
751,A,COIL,0,0.0,70,0,0,0.6,610.0,2
752,S,SHEET,0,70.0,0,0,4880,2.5,610.0,2
753,A,SHEET,0,0.0,0,0,4170,1.2,609.9,2
754,R,SHEET,0,0.0,0,0,762,0.7,609.9,2
755,R,SHEET,0,0.0,0,0,762,1.599,610.0,2
756,R,SHEET,0,0.0,0,0,612,0.601,609.9,2
757,R,SHEET,0,0.0,0,0,4880,0.6990000000000001,1320.0,2
758,R,SHEET,0,0.0,0,0,4170,1.2,610.0,2
759,R,COIL,0,0.0,0,0,0,0.4,610.0,2
760,A,SHEET,0,0.0,45,0,4880,0.7,610.0,2
761,A,SHEET,0,0.0,0,0,762,0.7,1220.0,2
762,R,COIL,0,0.0,0,0,0,0.4,609.9,2
763,A,SHEET,0,0.0,0,0,4170,0.7,1300.0,2
764,A,COIL,0,0.0,0,0,0,0.8,50.0,3
765,K,COIL,0,65.0,0,0,0,1.1,610.0,2
766,R,SHEET,0,0.0,0,0,4170,2.0,1500.0,1
767,R,COIL,0,0.0,0,0,0,0.7,610.0,2
768,W,COIL,600,0.0,0,310,0,2.5,610.0,2
769,R,SHEET,0,0.0,0,0,4170,1.2,609.9,2
770,A,SHEET,0,0.0,0,0,611,0.6,335.0,3
771,R,SHEET,0,0.0,0,0,4880,3.2,1300.0,2
772,A,SHEET,0,0.0,0,0,4880,0.6,610.0,2
773,A,SHEET,0,0.0,0,0,4880,0.7,610.0,2
774,A,COIL,0,0.0,0,0,0,0.6990000000000001,610.0,2
775,,SHEET,0,0.0,0,0,4880,0.6990000000000001,374.9,2
776,R,SHEET,0,0.0,0,0,4880,1.599,1320.0,1
777,A,SHEET,0,0.0,0,0,4880,0.3,610.0,2
778,A,SHEET,0,0.0,0,0,762,0.4,610.0,2
779,R,SHEET,0,0.0,0,0,612,0.6990000000000001,375.0,2
780,,COIL,0,0.0,0,0,0,0.3,20.0,2
781,A,COIL,0,0.0,0,0,0,0.4,610.0,2
782,A,SHEET,0,0.0,45,0,4880,1.6,610.0,2
783,R,SHEET,0,0.0,0,0,4880,1.601,1320.0,2
784,A,COIL,0,0.0,0,0,0,3.201,609.9,2
785,K,COIL,600,45.0,0,0,0,2.3,900.0,2
786,R,SHEET,0,0.0,0,0,762,3.2,150.0,2
787,V,SHEET,0,0.0,0,0,4880,0.8,610.0,1
788,,COIL,0,0.0,0,0,0,0.8,250.0,3
789,R,SHEET,0,0.0,0,0,4880,3.2,1300.0,2
790,K,COIL,600,55.0,0,0,0,3.2,900.0,2
791,R,COIL,0,0.0,0,0,0,0.9,966.0,2
792,A,COIL,0,0.0,50,0,0,1.001,50.0,2
793,,SHEET,0,0.0,0,0,4880,0.6990000000000001,1300.0,2
794,A,COIL,0,0.0,0,0,0,0.4,609.9,2
795,A,SHEET,0,0.0,0,0,4880,3.2,610.0,2
796,R,SHEET,0,0.0,0,0,4170,1.599,1500.0,1
0,A,COIL,0,0.0,0,0,0,0.6990000000000001,609.9,2
1,A,SHEET,0,0.0,0,0,762,0.4,610.0,4
2,A,COIL,0,0.0,0,0,0,0.4,610.0,2
3,A,COIL,0,0.0,0,0,0,0.6990000000000001,1320.0,2
4,,COIL,0,0.0,0,0,0,0.8,50.0,3
5,,SHEET,0,0.0,0,500,301,1.6,300.1,1
6,R,SHEET,0,0.0,0,0,762,0.8,610.0,1
7,R,SHEET,0,0.0,0,0,4170,1.6,610.0,2
8,A,SHEET,0,0.0,0,0,762,1.2,1250.0,2
9,A,SHEET,0,0.0,0,0,762,0.7,610.0,2
10,A,COIL,0,0.0,0,0,0,0.8,50.0,2
11,R,COIL,0,0.0,0,0,0,0.8,609.9,2
12,R,SHEET,0,0.0,0,0,881,1.601,831.9,1
13,R,SHEET,0,0.0,0,0,4170,0.7,609.9,2
14,A,COIL,0,0.0,0,0,0,4.0,385.1,2
15,,COIL,0,0.0,0,0,0,0.601,1320.0,2
16,,SHEET,0,0.0,0,0,762,0.301,1320.0,2
17,A,SHEET,0,0.0,0,0,3000,1.2,150.0,2
18,R,SHEET,0,0.0,0,0,4880,1.6,1320.0,2
19,,COIL,0,0.0,0,0,0,0.6,609.9,2
20,A,SHEET,0,0.0,0,0,3000,1.6,335.0,3
21,,SHEET,0,0.0,0,0,3000,0.5,335.0,3
22,R,SHEET,0,0.0,0,0,4880,0.6990000000000001,1320.0,2
23,A,SHEET,0,0.0,0,0,301,0.6990000000000001,1320.0,2
24,A,COIL,0,0.0,0,0,0,3.2,60.0,2
25,A,COIL,0,0.0,0,0,0,1.6,1320.0,2
26,,SHEET,0,0.0,0,0,762,1.6,1220.0,3
27,A,COIL,0,0.0,0,0,0,0.6,1320.0,2
28,V,SHEET,0,0.0,0,0,762,3.2,1320.0,2
29,,COIL,0,0.0,0,0,0,0.6990000000000001,610.0,2
30,,SHEET,0,0.0,0,0,4880,3.2,1320.0,2
31,M,COIL,0,0.0,0,350,0,1.6,50.0,2
32,R,SHEET,0,0.0,0,0,4170,0.301,1220.0,2
33,K,COIL,600,55.0,55,0,0,3.2,640.0,2
34,R,SHEET,0,0.0,0,0,612,0.4,375.0,2
35,R,COIL,0,0.0,0,0,0,0.4,1320.0,2
36,S,SHEET,0,70.0,70,0,762,2.5,610.0,2
37,A,COIL,0,0.0,0,0,0,3.2,610.0,4
38,K,COIL,600,65.0,65,0,0,3.2,900.0,2
39,K,COIL,0,45.0,45,0,0,2.2,900.0,2
40,A,SHEET,0,0.0,0,0,4880,0.9990000000000001,1220.0,2
41,A,COIL,0,0.0,0,0,0,1.001,610.0,2
42,,SHEET,0,0.0,0,0,4880,0.3,610.0,2
43,R,SHEET,0,0.0,0,0,762,1.601,610.0,2
44,A,SHEET,0,0.0,0,0,4880,1.0,610.0,2
45,A,SHEET,0,0.0,0,0,762,0.9990000000000001,610.0,2
46,,SHEET,0,0.0,0,0,762,0.6990000000000001,0.0,2
47,R,COIL,0,0.0,0,500,0,1.6,610.0,2
48,R,SHEET,0,0.0,0,0,4880,0.4,1320.0,2
49,W,SHEET,0,0.0,0,310,762,0.8,610.0,2
50,,COIL,0,0.0,0,0,0,0.7,610.0,2
51,R,SHEET,0,0.0,0,0,762,0.601,610.0,2
52,A,COIL,0,0.0,0,0,0,2.0,1250.0,2
53,R,SHEET,0,0.0,0,0,761,0.6990000000000001,1320.0,2
54,A,COIL,0,0.0,0,0,0,0.6990000000000001,1320.0,2
55,A,SHEET,0,0.0,0,0,4170,0.7,609.9,2
56,R,SHEET,0,0.0,0,0,4880,0.601,609.0,2
57,M,SHEET,0,0.0,0,600,1220,0.9,1050.0,1
58,A,SHEET,0,0.0,0,0,762,0.7,1525.0,2
59,R,COIL,0,0.0,0,0,0,3.2,609.9,2
60,A,COIL,0,0.0,0,0,0,0.7,599.9,2
61,R,COIL,0,0.0,0,0,0,1.6,609.9,1
62,M,COIL,0,0.0,0,350,0,1.6,610.0,2
63,R,SHEET,0,0.0,0,0,612,1.2,375.0,2
64,A,COIL,0,8.0,8,0,0,3.2,609.9,2
65,,SHEET,0,0.0,0,0,4880,0.6990000000000001,1300.0,2
66,K,COIL,0,45.0,45,0,0,1.1,610.0,2
67,V,SHEET,0,0.0,0,0,762,0.8,609.9,1
68,A,COIL,0,0.0,0,0,0,0.3,1320.0,2
69,A,SHEET,0,0.0,0,0,4880,0.8,610.0,4
70,A,SHEET,0,0.0,0,0,0,0.6,520.0,2
71,A,SHEET,0,0.0,0,0,4170,1.6,1320.0,4
72,A,COIL,0,0.0,0,0,0,2.801,50.0,2
73,A,SHEET,0,0.0,0,0,762,3.2,1320.0,2
74,A,COIL,0,0.0,0,0,0,1.0,609.9,2
75,A,COIL,0,0.0,0,0,0,0.6990000000000001,610.0,2
76,W,SHEET,0,0.0,0,310,762,1.599,610.0,2
77,,COIL,600,0.0,0,0,0,0.6,610.0,2
78,K,COIL,0,55.0,55,0,0,2.2,640.0,2
79,A,COIL,0,0.0,0,0,0,0.7,1320.0,2
80,A,SHEET,0,0.0,0,0,762,0.7,1220.0,2
81,R,SHEET,0,0.0,0,0,4880,1.599,610.0,1
82,,COIL,0,0.0,0,0,0,0.24,20.0,2
83,A,COIL,0,0.0,0,0,0,0.3,1320.0,2
84,R,SHEET,0,0.0,0,0,612,0.6990000000000001,375.0,2
85,A,SHEET,0,0.0,0,0,762,0.451,1250.0,2
86,K,COIL,0,45.0,45,0,0,1.5,900.0,2
87,A,SHEET,0,0.0,0,0,4880,1.599,1300.0,2
88,R,COIL,0,0.0,0,0,0,3.2,1320.0,2
89,K,COIL,500,45.0,45,0,0,3.2,640.0,2
90,A,SHEET,0,0.0,0,0,3000,1.6,609.9,3
91,,SHEET,0,0.0,0,0,612,1.6,609.9,3
92,R,SHEET,0,0.0,0,0,4170,1.6,1500.0,1
93,A,SHEET,0,0.0,0,0,1,1.2,609.9,3
94,R,SHEET,0,0.0,0,0,762,1.599,610.0,1
95,R,SHEET,0,0.0,0,0,880,1.601,830.0,1
96,V,SHEET,0,0.0,0,0,762,1.599,150.0,1
97,A,COIL,0,0.0,0,0,0,0.4,20.0,4
98,A,COIL,500,0.0,0,0,0,4.0,610.0,4
